PatientID,FirstName,LastName
P1090,Mario,Bianchi
P2001,Elena,Costa
P100q,Marco,Costa
P100r,Paolo,Russo
01004,Paolo,Rossi
P1095,Davide,Conti
P1906,Mario,Ferrari
P1o07,Marco,Greco
P10p8,Anna,Romano
P1000,Mario,Costa
P1020,Lucia,Costa
P1p11,Chiara,Bianchi
P10q2,Elena,Russo
P10q3,Elena,Ferrari
P10w4,Elena,Ferrari
P1025,Elena,Rossi
l1016,Lucia,Esposito
P1p17,Luigi,Bianchi
P2018,Davide,Costa
01019,Paolo,Romano
91020,Lucia,Conti
P1022,Sara,Costa
l1022,Luigi,Russo
P102e,Chiara,Conti
P1o24,Elena,Ferrari
Pq025,Marco,Russo
P1o26,Paolo,Conti
P1017,Davide,Russo
P1038,Lucia,Rossi
Pq029,Paolo,Ferrari
P10e0,Paolo,Costa
01031,Anna,Bianchi
Pw032,Mario,Ferrari
01033,Lucia,Bianchi
P1033,Davide,Romano
P1935,Mario,Ferrari
P1035,Davide,Russo
P10r7,Davide,Verdi
P1p38,Anna,Esposito
P1939,Marco,Romano
